Image Name,Label
23,y
39,y
45,d
69,d
75,y
78,d
88,y
110,y
112,y
119,y
121,d
122,y
124,n
128,y
132,d
141,y
151,d
179,y
191,y
198,y
210,n
213,y
215,y
231,d
238,y
241,d
252,d
254,y
257,d
266,y
270,n
282,d
284,d
297,d
304,y
312,d
320,y
323,d
336,n
337,y
343,y
383,d
439,y
446,y
453,y
461,d
472,d
474,n
477,d
485,y
486,d
496,d
503,y
527,y
528,y
531,d
538,y
563,d
569,n
570,y
588,d
600,y
619,y
622,y
624,d
637,y
647,y
652,d
657,d
660,y
667,d
702,y
704,y
705,y
719,d
729,y
737,d
753,d
756,y
759,d
764,y
769,n
772,y
786,n
790,y
796,y
809,y
814,y
819,d
834,y
842,y
844,y
857,n
866,n
869,n
875,y
876,y
881,y
885,y
887,d
894,y
899,n
920,y
928,y
971,d
995,d
999,y
1006,y
1022,d
1047,y
1070,y
1091,d
1102,d
1104,y
1107,d
1110,y
1111,y
1130,n
1136,y
1149,n
1161,y
1162,d
1190,y
1193,y
1201,y
1204,y
1208,y
1218,y
1233,y
1239,d
1256,d
1267,y
1268,d
1274,y
1295,y
1298,d
1305,n
1306,d
1319,d
1327,d
1334,d
1347,d
1359,y
1360,y
1366,n
1369,d
1421,y
1440,d
1448,d
1451,y
1454,y
1457,d
1470,y
1484,y
1501,d
1523,d
1526,d
1535,d
1543,y
1545,d
1546,y
1556,y
1559,d
1561,y
1574,y
1590,n
1611,n
1615,y
1640,y
1657,y
1667,y
1684,d
1719,y
1721,d
1722,d
1731,d
1732,y
1735,y
1742,n
1757,y
1760,y
1770,y
1801,y
1802,n
1804,n
1811,n
1830,d
1838,y
1839,d
1850,y
1855,y
1861,d
1862,y
1883,n
1889,d
1899,y
1916,d
1922,d
1937,y
1942,y
1969,d
1970,y
1988,n
2000,y
2003,d
2006,n
2009,d
2018,y
2022,y
2024,d
2032,d
2038,y
2054,y
2060,y
2070,d
2074,y
2081,y
2102,n
2130,y
2133,y
2138,n
2148,d
2161,y
2166,y
2174,y
2183,d
2190,y
2201,y
2217,d
2246,y
2259,y
2267,y
2278,n
2295,y
2319,y
2321,y
2324,d
2328,y
2337,n
2344,d
2354,d
2360,d
2366,y
2379,y
2390,y
2394,y
2400,y
2405,d
2422,y
2424,y
2432,n
2436,y
2457,y
2468,y
2473,y
2481,y
2511,y
2514,y
2533,y
2546,y
2554,y
2561,d
2572,y
2578,y
2580,d
2585,y
2587,y
2604,d
2611,d
2612,d
2626,y
2635,y
2649,d
2650,y
2653,d
2662,y
2693,n
2699,y
2710,y
2742,y
2748,y
2782,y
2794,d
2797,y
2830,n
2833,y
2836,y
2840,y
2845,y
2852,n
2855,d
2856,d
2859,y
2864,y
2868,n
2886,y
2899,d
2903,y
2915,d
2921,y
2932,d
2938,y
2944,y
2947,y
2951,n
2966,n
2972,y
2982,y
2991,y
3005,d
3019,d
3022,y
3027,y
3034,d
3043,y
3058,y
3069,d
3070,y
3073,y
3081,y
3114,y
3121,d
3129,d
3149,n
3150,n
3155,y
3178,d
3183,d
3207,y
3208,y
3211,y
3212,y
3220,y
3246,y
3253,d
3254,d
3266,y
3272,d
3274,d
3277,y
3280,y
3286,y
3290,y
3293,y
3295,y
3296,y
3299,y
3310,y
3319,d
3321,y
3328,d
3334,y
3337,y
3354,d
3357,y
3360,y
3376,d
3382,y
3388,y
3391,y
3394,y
3400,d
3403,d
3405,d
3409,y
3432,d
3437,d
3457,y
3458,y
3463,d
3471,y
3482,d
3488,d
3523,d
3535,y
3539,y
3561,y
3562,d
3563,d
3608,d
3618,y
3639,y
3648,y
3650,y
3654,y
3661,y
3662,y
3666,y
3686,d
3705,y
3715,y
3721,d
3722,y
3728,y
3741,y
3744,d
3748,y
3754,d
3773,y
3774,n
3784,n
3789,d
3817,d
3820,n
3833,n
3845,y
3855,y
3859,y
3867,y
3877,y
3890,d
3895,y
3899,n
3910,y
3915,d
3919,n
3924,n
3927,y
3934,n
3947,y
3969,n
3973,y
3975,n
3984,y
3994,y
4016,y
4019,y
4026,y
4051,d
4052,d
4054,d
4056,y
4058,d
4066,y
4088,y
4098,y
4106,y
4107,y
4111,y
4112,d
4123,n
4126,d
4143,d
4144,d
4176,y
4178,y
4183,y
4186,d
4190,y
4196,y
4212,y
4225,d
4245,y
4246,d
4253,y
4267,y
4271,y
4274,d
4306,y
4315,d
4316,d
4324,y
4338,d
4341,d
4347,d
4351,d
4352,y
4365,d
4369,d
4375,d
4379,n
4381,y
4400,y
4408,y
4413,d
4419,d
4431,y
4441,d
4448,y
4451,d
4475,y
4479,y
4487,n
4491,y
4498,y
4499,y
4501,n
4502,d
4507,n
4508,d
4517,d
4526,d
4533,y
4534,y
4555,d
4580,d
4596,y
4602,y
4603,y
4607,d
4626,y
4630,y
4631,n
4635,y
4662,d
4674,y
4692,n
4699,d
4700,d
4705,y
4722,d
4747,d
4748,d
4758,d
4763,d
4784,y
4792,d
4794,y
4800,d
4825,y
4833,y
4845,y
4859,d
4871,y
4877,y
4878,y
4885,y
4899,y
4903,y
4910,y
4915,d
4922,d
4931,d
4951,y
4962,y
4976,y
4988,y
4994,y
5000,y
5005,y
5021,y
5034,y
5054,y
5079,d
5081,y
5087,n
5094,y
5098,d
5104,d
5108,n
5125,y
5136,y
5139,d
5140,y
5141,y
5162,y
5172,d
5183,d
5190,y
5199,y
5207,y
5214,d
5223,y
5246,d
5249,y
5256,d
5258,y
5278,d
5283,y
5289,y
5300,y
5305,n
5308,y
5315,d
5319,d
5322,y
5327,y
5328,y
5331,d
5332,y
5337,y
5344,y
5351,y
5370,d
5378,y
5379,n
5391,d
5392,y
5409,y
5416,y
5419,d
5438,n
5441,y
5457,d
5475,d
5476,n
5482,d
5487,d
5491,y
5514,y
5546,y
5562,d
5585,d
5593,y
5596,y
5599,y
5606,d
5625,y
5633,d
5650,y
5656,y
5662,d
5667,y
5671,y
5676,y
5677,y
5686,n
5689,d
5693,y
5696,n
5697,d
5705,y
5724,y
5734,y
5738,y
5744,y
5748,d
5758,y
5765,y
5769,n
5779,d
5791,y
5801,y
5807,n
5808,y
5811,y
5829,y
5835,y
5839,d
5856,n
5861,y
5867,y
5869,d
5872,y
5927,y
5938,d
5939,d
5944,y
5947,d
5949,y
5952,d
5973,y
5975,y
5979,y
5982,d
5992,n
5997,y
6006,d
6017,y
6027,n
6032,n
6047,y
6052,d
6065,d
6075,n
6076,n
6079,d
6084,y
6092,y
6094,n
6101,y
6105,n
6107,d
6108,d
6118,y
6123,y
6137,n
6139,y
6147,y
6177,n
6183,d
6186,y
6188,d
6190,y
6193,y
6204,y
6207,y
6217,y
6225,d
6232,d
6233,y
6280,d
6295,y
6320,d
6321,y
6332,y
6342,y
6348,n
6351,d
6354,d
6357,y
6376,y
6387,y
6397,y
6406,n
6422,d
6431,y
6466,y
6469,y
6487,y
6488,d
6491,y
6504,d
6507,d
6508,y
6539,n
6543,y
6545,n
6547,y
6549,y
6555,y
6571,y
6578,y
6588,d
6629,d
6632,y
6640,d
6693,y
6700,d
6721,y
6742,y
6752,d
6757,y
6758,y
6769,n
6773,y
6794,d
6797,y
6807,y
6811,y
6812,y
6831,y
6861,y
6862,d
6874,y
6885,d
6905,y
6906,n
6921,y
6924,d
6928,y
6932,y
6934,y
6938,y
6941,n
6952,d
6960,y
6975,d
6976,y
6988,d
6992,y
7013,y
7034,y
7044,d
7048,d
7051,y
7054,d
7069,d
7070,y
7083,n
7100,y
7112,d
7118,y
7125,n
7129,d
7136,y
7146,y
7156,d
7161,y
7177,d
7193,y
7199,y
7201,y
7226,y
7239,n
7247,y
7256,d
7264,y
7283,d
7290,d
7296,d
7300,d
7316,d
7321,d
7324,y
7327,d
7341,n
7363,y
7366,y
7369,y
7373,d
7398,y
7406,d
7413,y
7437,y
7442,y
7444,d
7450,y
7454,y
7466,d
7469,y
7475,d
7481,d
7483,n
7484,d
7488,y
7492,y
7501,y
7511,y
7542,y
7543,y
7545,d
7550,y
7555,y
7561,d
7562,d
7570,y
7574,n
7586,d
7590,d
7595,y
7611,y
7636,d
7645,n
7649,y
7659,d
7671,y
7680,n
7686,d
7688,n
7695,y
7699,d
7700,y
7706,n
7715,y
7731,y
7748,n
7760,y
7769,y
7775,n
7786,y
7797,y
7830,d
7835,d
7836,d
7856,d
7877,y
7893,y
7895,y
7897,d
7915,y
7919,d
7932,y
7941,d
7948,d
7965,y
7973,y
7978,y
7979,y
7997,d
8000,d
8005,y
8028,d
8037,d
8038,y
8042,n
8054,y
8060,y
8065,d
8092,y
8111,d
8117,y
8129,d
8136,y
8145,d
8186,y
8195,y
8196,d
8198,d
8204,n
8207,y
8220,d
8222,y
8230,y
8233,y
8235,d
8240,d
8243,y
8246,d
8252,y
8262,d
8280,y
8290,y
8295,d
8303,y
8306,y
8309,y
8315,y
8321,y
8330,n
8331,y
8334,y
8342,d
8344,y
8354,n
8358,y
8363,y
8372,y
8394,y
8397,d
8398,d
8405,y
8406,n
8415,d
8416,y
8424,y
8428,d
8431,d
8445,y
8460,y
8476,d
8479,y
8481,y
8482,y
8488,d
8529,y
8540,y
8559,y
8561,n
8565,y
8579,n
8590,d
8622,y
8629,d
8630,d
8652,y
8660,y
8661,d
8668,d
8671,d
8681,y
8685,y
8686,y
8690,d
8700,y
8709,d
8728,y
8730,d
8731,d
8742,y
8744,y
8748,d
8798,y
8807,n
8812,y
8818,y
8823,d
8830,y
8843,y
8849,d
8850,y
8853,y
8855,d
8856,y
8862,y
8864,d
8874,d
8886,y
8890,d
8906,d
8922,n
8928,d
8934,y
8937,d
8941,d
8944,y
8951,y
8973,y
8981,y
8987,y
9000,y
9010,y
9013,y
9019,y
9022,d
9028,d
9030,y
9034,d
9042,y
9069,d
9075,n
9079,d
9081,y
9082,y
9084,d
9094,y
9107,y
9108,d
9129,y
9130,d
9135,y
9140,y
9143,y
9150,d
9212,y
9214,y
9223,y
9225,y
9229,y
9236,n
9253,y
9256,y
9259,y
9279,y
9321,y
9334,y
9352,y
9358,d
9373,d
9381,y
9382,y
9396,y
9398,y
9409,n
9424,d
9430,y
9432,y
9437,d
9458,y
9463,d
9470,y
9487,y
9492,y
9494,y
9512,y
9517,n
9550,d
9556,y
9559,d
9560,y
9568,n
9580,y
9617,n
9620,y
9643,y
9646,d
9650,d
9656,y
9659,y
9661,n
9674,n
9685,y
9710,d
9719,n
9722,y
9729,d
9758,d
9760,y
9765,d
9777,y
9784,y
9798,y
9802,y
9808,n
9816,y
9817,y
9825,y
9829,y
9839,n
9849,n
9855,y
9856,y
9867,y
9868,y
9874,d
9878,d
9883,d
9890,y
9900,d
9904,d
9927,d
9966,y
9968,y
9974,d
9979,n
9981,d
9982,y
9995,y
9997,d
9998,d
10005,y
10008,d
10030,n
10040,y
10046,y
10056,y
10068,d
10090,y
10093,d
10099,y
10110,y
10113,d
10119,y
10124,d
10138,y
10141,n
10142,y
10160,y
10165,y
10175,d
10176,d
10182,n
10184,y
10186,y
10192,y
10197,y
10203,y
10205,y
10213,y
10219,y
10238,d
10242,y
10252,d
10269,d
10276,y
10282,y
10284,d
10302,d
10311,y
10314,y
10318,y
10326,y
10332,y
10333,y
10349,y
10350,d
10364,y
10380,d
10385,y
10386,d
10395,d
10401,n
2932_1,d
2161_0,d
3789_6,d
8342_2,d
198_0,d
8330_3,n
472_0,d
7373_3,y
4196_3,y
3904_2,y
5269_3,d
1537_5,d
3531_2,d
772_5,d
1937_4,n
1346_2,d
7061_5,d
8136_0,y
3468_0,y
8830_5,y
5288_2,n
7002_6,y
4395_1,d
6555_0,y
4897_2,y
6531_0,d
10293_0,d
2295_4,y
702_2,y
8028_3,d
8850_1,y
4607_5,d
8521_6,d
3247_3,y
6752_3,y
719_6,d
1319_6,n
2435_3,n
637_5,y
6726_2,d
502_4,d
1559_0,d
410_2,y
8290_6,y
9808_3,d
4052_0,d
66_6,y
9086_2,y
3360_2,y
5136_2,y
8290_4,y
8222_4,y
1404_2,d
2435_0,n
8850_5,y
2258_5,y
5162_2,y
5279_1,d
9784_2,y
2533_5,d
3253_6,d
2436_4,y
7531_4,y
3882_4,y
9352_0,y
7699_6,y
10091_1,d
8707_1,y
5774_1,d
5959_0,d
7715_3,y
10401_3,n
110_2,y
3248_5,y
10197_4,y
8_0,d
5049_4,y
4151_5,y
2561_3,y
2130_3,y
2436_2,y
8528_3,d
8363_1,y
4245_2,y
6052_1,y
6047_4,d
1920_4,n
6184_0,y
4851_0,d
6640_2,d
3163_6,d
653_3,d
8295_2,y
3650_3,y
3295_2,y
4699_4,y
6107_2,d
4897_1,y
8987_4,d
6387_2,y
9151_0,d
7475_0,y
9143_5,y
10314_2,y
4915_2,d
1070_3,y
5093_0,d
1996_3,y
8420_0,d
5125_4,y
3116_2,n
4216_1,d
6445_6,d
7054_1,d
2354_3,d
1095_3,y
9650_4,d
6508_3,d
1347_0,y
9878_5,y
4192_1,y
10030_6,d
2354_1,d
2587_4,y
9487_6,y
2836_2,y
7511_3,y
8605_1,d
5625_0,d
2405_4,y
869_1,d
4004_2,y
7247_0,d
5669_0,y
4126_5,d
8122_6,y
1269_3,y
1440_4,y
7373_5,y
6943_2,y
9920_6,y
7588_2,y
1091_3,y
9927_1,d
9386_5,n
9273_2,d
4271_2,d
1426_5,d
10113_5,d
4430_1,y
7089_6,y
9920_2,d
5158_0,y
6558_0,y
1070_1,d
5081_2,d
5676_5,y
798_3,d
2505_6,d
9407_2,n
7634_1,y
1193_3,y
7002_3,y
826_4,y
1484_5,y
8254_6,y
5330_4,d
4634_0,y
8230_2,n
9358_6,y
268_6,y
108_0,d
2777_0,d
8028_6,d
6376_5,n
1684_5,d
2024_3,d
5337_1,y
2510_3,n
1116_6,y
5409_4,y
1330_4,d
4626_4,y
7459_4,y
6851_0,y
9253_1,y
9483_3,y
7961_0,y
2886_0,y
3859_5,y
8005_0,d
2505_2,y
5793_1,y
7146_1,d
8306_1,y
9883_5,y
6232_4,y
2467_2,y
3356_0,d
1396_0,y
8273_5,d
8476_4,d
602_0,d
5136_3,y
8415_5,d
8742_0,d
6558_5,y
7993_6,y
9140_4,y
8573_3,d
2258_3,y
7550_0,y
7671_5,d
7013_5,y
5441_0,y
1371_5,n
1949_5,y
6217_0,y
8121_0,y
4988_2,y
8853_0,y
2435_5,d
5449_0,y
10192_3,y
1270_4,y
1861_1,d
5333_3,n
7797_4,y
872_4,y
8951_1,y
8671_0,d
5000_0,y
1556_1,d
7919_3,y
7611_0,y
485_0,y
8629_0,d
231_0,d
9025_1,d
2947_0,d
4602_3,y
8005_1,d
4058_0,d
6534_1,n
6858_3,y
5361_2,y
5606_1,d
320_5,y
4657_3,y
5985_0,y
3535_6,y
132_1,d
2886_3,y
756_0,y
2109_4,n
2445_1,y
9912_3,d
4051_1,d
1501_0,y
8397_1,d
453_0,y
9273_1,y
1950_6,y
257_4,d
3983_2,n
1937_0,y
1501_4,y
10176_4,d
8744_4,y
531_6,d
398_0,y
9981_4,d
7373_4,y
8890_2,d
8542_3,d
2547_5,y
3688_1,y
8728_2,y
2649_0,d
4306_3,y
9086_3,y
10395_4,d
6225_3,d
8363_2,y
4903_0,y
198_2,y
9974_2,d
6757_2,d
8735_0,y
4994_1,d
7962_0,d
6408_0,y
8243_5,y
5333_2,d
4635_6,y
5367_1,d
5104_4,d
9867_3,y
7406_2,d
9352_3,n
4106_3,y
1396_3,y
9312_5,n
8242_0,y
9483_2,y
570_0,y
1838_4,y
7915_3,n
7459_6,y
9033_0,y
3705_1,y
4054_0,d
6960_1,n
3705_3,y
5331_3,d
6263_4,n
5705_5,y
2632_0,y
502_6,d
9856_5,y
10318_5,y
5378_1,y
2836_0,y
1248_1,y
6610_1,y
4657_2,y
10331_4,d
1201_3,y
8173_2,d
10119_4,y
2514_1,y
1839_5,d
6288_3,d
4178_3,y
9321_6,y
6862_2,d
10395_1,d
4739_5,y
5694_5,y
7046_0,d
8941_6,d
849_3,n
3581_4,y
3334_6,y
4054_4,y
3254_5,d
6797_5,d
2183_0,d
4372_4,d
4508_2,y
4508_0,d
3334_3,y
1219_0,y
9920_1,y
2611_0,d
9802_2,y
8186_3,n
10350_1,d
7484_4,d
7316_3,d
9998_6,y
3486_6,d
1269_0,y
252_1,d
1248_2,y
1570_2,d
8989_0,y
8242_1,y
9435_6,y
5596_1,y
7480_6,d
5605_1,y
8111_6,d
7531_5,y
4977_2,y
6077_1,y
2142_2,y
4587_3,y
1761_5,d
2445_4,y
9943_0,d
5333_1,n
4126_2,d
6445_4,d
4499_3,y
8946_5,y
4897_4,y
9135_3,d
4700_2,d
5043_2,y
312_0,y
297_4,d
9743_0,d
5158_1,y
6549_3,n
7373_2,y
3904_0,d
10314_5,y
8243_3,y
9697_2,y
4676_0,d
4845_5,d
2836_3,y
8622_2,y
8060_6,n
6142_0,d
5632_5,y
7652_1,y
3296_2,y
5557_0,y
539_4,y
1464_1,y
7561_5,d
9115_2,y
624_5,y
6335_0,y
5289_5,y
6406_1,n
3356_3,d
9107_4,y
6959_0,y
4307_3,y
4943_0,d
2632_3,y
6017_4,n
1732_0,d
2184_5,y
1642_1,d
764_3,d
4107_2,y
2915_5,d
2161_4,d
2966_1,n
10176_5,n
3270_6,y
4106_6,y
6077_3,y
5920_2,y
4369_6,d
9312_0,n
8186_1,y
3902_1,y
2547_6,y
1838_1,y
4307_2,y
4699_1,y
4994_4,d
7475_6,y
8531_2,y
9765_2,d
4635_3,y
6408_5,y
3702_2,y
8987_6,y
9143_2,y
5367_4,y
1102_0,d
3688_4,y
6191_0,y
7932_6,y
8542_6,d
66_2,y
6225_6,d
2982_2,y
9086_6,y
2179_1,y
7670_5,y
1453_2,d
3155_2,y
9760_4,y
5774_0,y
5606_6,d
1950_3,y
453_5,y
8397_4,d
1501_5,y
2227_2,y
366_5,y
10176_1,d
531_3,d
7652_0,y
3535_3,d
4657_6,d
320_0,y
5606_4,d
254_5,y
6866_2,y
7893_1,y
5119_4,y
9912_6,d
8904_3,y
5774_6,d
2109_1,n
9273_0,y
4051_4,d
5920_1,y
7743_4,y
485_5,y
231_5,y
2405_2,y
8238_5,y
8629_5,d
9856_3,y
4602_6,y
5158_3,y
2947_5,d
2547_4,y
1175_6,d
6534_4,n
5125_5,y
4794_3,d
4026_5,y
2833_0,d
2179_2,y
1270_1,y
7797_1,y
1861_4,d
10192_6,y
2142_1,y
8951_4,y
872_1,y
3163_0,y
7671_0,d
1297_6,d
5086_2,d
7550_5,y
10332_1,d
1949_0,y
1371_0,d
5689_2,y
4607_0,d
8121_5,y
1732_5,y
6483_1,d
2148_1,y
764_6,d
1642_4,d
2184_0,y
2915_0,d
10176_0,n
8060_3,d
2649_3,d
5632_0,y
4809_0,n
8252_1,y
4845_0,d
8428_2,d
9302_0,d
624_0,y
7561_0,d
9650_0,d
268_1,y
2580_2,y
3356_6,y
10027_3,y
6959_5,d
9107_1,y
9135_6,d
1477_6,y
4676_5,y
3904_5,d
6549_6,n
9743_5,d
297_1,d
1426_6,y
2547_0,y
8111_3,d
8981_0,y
1359_0,y
7480_3,d
3183_4,d
1761_0,d
4897_6,y
3733_1,y
6445_1,d
3070_1,y
9435_0,y
9943_5,d
8946_0,y
4499_6,y
637_0,y
23_0,n
10350_4,d
7484_1,d
5140_0,y
1556_4,y
9998_3,y
8819_0,d
7316_6,y
2457_0,y
3486_3,d
6191_4,y
5546_2,y
252_4,d
4196_5,y
5596_4,y
78_4,d
1559_2,d
8145_6,d
4603_1,y
8941_3,d
7046_5,d
3581_1,y
5946_0,y
1802_3,y
6797_0,d
3254_0,y
4372_1,d
7013_1,y
7193_1,y
8735_2,y
7511_4,y
7475_3,y
2514_4,y
1839_0,d
10110_2,y
1396_1,y
7743_1,y
8573_5,y
9856_6,y
10138_1,d
6288_6,d
9382_0,y
6191_6,y
4739_0,y
3733_4,y
10027_1,y
10331_0,y
8238_1,y
5705_0,y
6263_1,d
6542_0,y
9033_5,y
3694_1,n
4809_5,n
502_3,d
1248_4,y
10318_0,y
5378_4,y
1201_6,y
10331_1,d
3248_0,y
1269_1,y
10197_1,y
9588_5,d
4151_0,y
5049_1,y
6508_4,d
7374_0,d
790_0,y
7561_2,d
8363_4,d
8528_6,d
4548_6,d
1414_2,d
1920_1,n
602_2,y
6047_1,y
6052_4,d
7413_2,y
3253_3,d
1049_2,d
3882_1,y
7531_1,y
9981_2,d
5441_6,d
952_2,d
8707_4,y
2892_0,d
2161_6,d
7699_3,d
2982_5,y
2914_4,y
3121_5,d
7715_6,y
10401_6,n
10124_2,d
3855_2,y
10091_4,n
8598_2,d
8987_5,y
570_3,y
2258_0,y
3820_1,d
5279_4,d
2533_0,d
6387_3,d
1942_0,d
2971_0,n
3178_1,n
10380_4,y
3688_6,y
6483_0,d
1559_5,d
4626_1,y
4052_5,d
9808_6,d
8594_3,y
9487_4,y
6756_2,d
3722_0,y
7587_5,y
5289_0,y
4676_2,y
8521_3,n
1319_3,d
719_3,d
3587_2,y
3371_5,y
4271_4,y
7919_6,y
2022_4,d
1095_6,y
1022_3,n
3371_4,y
5317_3,d
8830_0,y
2246_2,y
4271_0,y
9588_6,d
4271_3,y
1175_0,d
1720_2,d
10293_5,d
5391_1,y
8573_1,y
1537_0,d
1033_4,d
7061_0,y
3114_1,y
8136_5,y
1937_1,n
4602_0,y
3246_0,y
4369_2,d
3867_2,y
6193_0,d
3866_2,d
6610_0,y
4441_2,d
3789_3,d
4126_0,y
5104_1,d
8330_6,d
52_0,d
5269_6,d
8918_5,d
9981_1,d
6907_1,y
756_5,y
9650_1,d
8306_4,y
8273_0,d
8453_2,d
2161_3,d
6436_1,n
6232_1,d
9883_0,d
8415_0,d
5842_2,n
9140_1,y
8742_5,d
5072_0,y
7437_2,y
2510_6,n
4977_0,y
7013_0,y
1116_3,y
282_1,y
5337_4,y
2024_6,d
5409_1,y
1330_1,d
3994_5,y
5793_4,y
7634_4,y
702_0,y
9079_0,d
3516_rfc.index,y
5605_4,y
7054_0,d
7264_2,y
8000_1,d
6555_1,y
1884_2,d
257_1,d
9253_6,y
1484_0,y
8254_3,y
1193_6,y
6640_1,d
5317_4,d
2613_2,y
3994_3,y
826_1,y
8420_2,d
9358_3,y
5330_1,d
6376_0,n
1684_0,d
268_3,y
5869_1,d
3371_1,y
2914_6,y
6531_1,d
1091_6,y
10113_0,d
4365_2,d
8904_5,y
7932_1,y
9321_2,d
9386_0,n
7089_3,d
5711_1,d
798_6,y
4502_6,y
1937_3,y
7193_4,y
8744_6,y
366_2,y
8472_0,y
8605_4,y
6295_0,y
32_0,n
602_5,d
7736_0,y
8122_3,y
4587_4,d
8420_1,d
1440_1,y
78_2,d
9463_2,d
1993_0,n
7054_4,d
6445_3,d
3163_3,y
1464_0,y
2354_6,d
9878_0,d
282_4,y
1743_0,n
1347_5,d
6508_6,n
7290_0,d
320_6,y
9487_3,y
2587_1,y
10030_3,d
4192_4,y
1477_5,y
8856_2,d
3650_6,y
9151_5,d
1667_2,y
3163_5,y
1996_6,y
1559_6,d
2649_1,y
5439_2,d
1147_0,y
398_6,y
653_6,y
4502_0,y
6108_2,d
8856_0,d
6406_0,n
6547_2,y
5370_2,d
1426_4,y
9760_1,y
1347_6,d
9382_1,d
5081_1,n
9878_3,d
8850_6,y
10030_0,d
5694_6,y
2587_2,y
6445_0,d
9463_1,d
6436_2,n
1464_3,y
8735_6,y
1095_5,y
4825_2,y
602_6,d
6752_4,y
8122_0,y
78_1,d
9470_0,y
1440_2,y
6943_4,y
1884_3,d
3482_0,y
7932_3,y
3163_2,d
756_6,n
8060_4,n
5625_6,n
4004_4,y
8472_3,y
6547_1,y
5370_1,d
9321_4,n
7146_0,d
3277_2,y
5000_5,y
1464_4,y
5689_1,n
8856_3,y
3733_6,y
653_5,y
2580_0,y
4915_4,d
1996_5,y
5439_1,d
3650_5,y
2561_0,y
5000_3,y
5142_0,n
8856_1,y
9151_6,d
2022_5,y
9697_1,y
9483_5,n
3356_5,d
9483_4,y
2505_4,y
2024_5,d
2510_5,n
1116_0,y
3270_1,y
8363_0,y
5409_2,y
1330_2,d
7469_0,y
3356_4,d
1884_1,d
8415_3,d
8742_6,d
647_0,y
6558_3,y
7437_1,y
4297_0,y
7993_0,y
9140_2,y
6232_2,d
9883_3,d
8613_0,y
2467_4,y
8453_1,d
8273_3,d
8290_3,y
198_3,d
4274_0,d
7089_0,d
8222_1,y
6558_6,y
5081_4,y
5104_2,d
5676_3,y
7587_6,d
798_5,d
7588_4,y
1091_5,y
8483_0,y
9321_1,n
7932_2,y
4365_1,d
8904_6,y
10113_3,d
5330_2,d
5791_1,y
5869_2,d
2914_5,y
6376_3,n
1684_3,d
5606_0,d
8000_2,d
7264_1,d
702_3,y
9407_4,n
1193_5,y
9966_2,y
826_2,y
2613_1,y
1484_3,y
257_2,d
8254_0,d
5946_6,y
4603_4,y
9760_5,y
7893_0,y
1175_3,d
1720_1,d
10293_6,d
6629_0,y
7919_5,d
8830_3,y
8521_0,n
4607_3,y
3247_5,d
1319_0,d
719_0,d
6077_6,y
729_0,y
1340_0,y
3587_1,y
2295_2,y
702_4,y
6446_0,d
7978_6,y
5140_2,y
2422_0,d
8330_5,d
4126_3,d
502_2,d
4825_3,y
5269_5,d
8918_6,d
4441_1,d
3866_1,d
3867_1,y
5302_1,d
4794_2,y
3789_0,y
8342_4,d
1937_2,n
1346_4,d
7061_3,d
8136_6,d
2982_0,y
1537_3,d
1426_2,d
5140_1,d
3531_4,d
4498_1,n
7699_0,d
2982_6,d
2982_3,d
7715_5,d
10401_5,d
8028_1,d
1049_1,d
3253_0,d
952_1,n
3882_2,y
1414_1,d
4548_5,d
7561_1,d
8528_5,d
7413_1,y
6047_2,d
602_1,d
10332_4,d
1920_2,n
10395_0,y
110_4,y
3248_3,y
4123_0,d
10197_2,y
8_6,y
5049_2,y
9966_1,y
9808_5,d
8290_0,y
4052_6,d
9115_4,y
3360_4,y
5946_1,y
4626_5,y
3247_6,y
8594_0,y
5744_4,y
8973_0,y
3178_2,d
6726_4,n
410_4,d
3820_2,n
6191_1,y
1269_6,y
1404_4,d
2435_6,d
5162_4,d
2533_3,d
6408_1,d
10124_1,d
8598_1,d
7013_2,y
4372_2,d
3407_0,d
7193_2,y
2405_3,d
7046_6,d
8941_0,d
1130_1,n
3581_2,y
849_5,n
3334_0,y
8145_5,d
4306_4,d
3705_5,y
3866_3,d
3254_3,d
6797_3,d
5546_1,y
5656_0,y
1570_4,d
8594_4,y
5392_1,y
4196_6,y
9802_4,y
7484_2,d
3486_0,d
10318_3,d
2836_6,y
1095_0,y
4657_4,n
10331_2,n
9386_3,n
8173_4,d
1201_5,y
9033_6,y
1295_0,y
3482_3,y
5331_5,d
5705_3,y
6263_2,n
4369_0,d
9086_1,y
2886_1,y
8453_0,d
6862_4,d
10027_0,d
6191_5,y
10027_2,d
4739_3,y
6542_2,y
6225_2,d
10119_2,y
2183_6,y
1839_3,d
6288_5,d
539_2,y
7561_3,d
624_3,y
7797_3,y
5289_3,y
6959_6,d
9107_2,y
4845_3,d
8622_4,y
8060_0,y
4004_1,y
5632_3,y
3296_4,d
3121_4,y
7736_4,d
4151_3,d
2915_3,d
2179_4,y
304_1,d
304_6,d
7915_6,y
1477_3,y
2148_2,y
6017_2,d
6483_2,d
1889_0,y
1732_6,d
2184_3,y
1802_6,d
764_5,n
4107_4,y
9943_6,d
6445_2,y
8946_3,y
4499_5,y
7480_0,d
8111_0,d
1884_4,y
6726_1,n
4587_5,y
1761_3,y
9743_6,d
297_2,d
6549_5,n
10314_3,d
2547_3,y
9135_5,d
5043_4,y
4676_6,d
5920_0,y
2947_6,d
3295_4,d
4602_5,y
141_1,y
729_3,y
1175_5,d
6858_5,y
312_1,d
9760_2,y
485_6,y
8629_6,d
231_6,y
2109_2,n
9912_5,d
8904_0,y
7316_5,n
7636_0,d
8850_4,y
6225_0,d
8613_3,y
5361_4,d
3535_0,d
1556_2,y
6866_1,y
1371_3,d
1949_3,y
8558_0,d
8121_6,y
4988_4,y
10302_1,d
502_5,y
7550_6,y
3688_5,y
7671_3,d
2467_0,y
5086_1,d
1510_1,d
5689_4,d
7013_4,y
1477_4,y
9760_6,y
1470_1,y
872_2,y
6809_1,y
2833_3,n
10192_5,y
1270_2,y
9784_1,y
9143_1,y
5625_5,y
8744_5,y
10136_1,y
8243_4,y
10110_5,y
8531_1,d
8240_0,d
198_5,d
3702_1,y
9920_5,y
1470_2,y
4977_1,y
9765_1,d
1453_4,d
1838_2,y
3902_2,d
7406_4,d
4106_5,y
9312_3,n
887_0,d
570_6,y
10176_2,d
3983_1,y
8744_2,y
1033_5,y
6858_6,y
3983_0,y
531_0,d
453_6,y
472_4,d
6640_4,y
3744_3,d
1950_0,y
3073_1,y
3155_1,y
2227_1,y
4587_0,y
5606_5,d
9974_4,d
398_4,y
6757_4,d
4897_3,y
8542_5,d
6225_5,d
8295_4,d
6632_0,d
8453_6,d
5158_2,y
6549_0,n
9743_3,d
7993_3,y
9135_0,d
5269_1,y
1274_0,y
4700_1,d
4676_3,n
5043_1,y
6107_4,y
9943_3,d
8060_2,y
4499_0,y
8946_6,y
8145_0,y
5093_1,d
8111_5,d
5605_2,y
7480_5,d
3183_2,d
1761_6,d
6077_2,y
10136_6,y
2915_6,d
4271_1,y
3069_0,d
304_3,d
3270_5,y
9920_4,d
1732_3,d
5330_0,d
764_0,d
1642_2,d
4107_1,y
2184_6,y
9115_1,d
624_6,y
7561_6,d
5289_6,y
7797_6,d
8728_0,y
4307_0,y
10027_5,d
6959_3,d
8060_5,n
8622_1,y
5632_6,y
4845_6,y
3121_1,d
3296_1,y
6862_1,d
4739_6,y
7511_5,y
10395_2,d
9150_1,d
2246_1,y
2514_2,y
1839_6,d
10110_4,d
8129_1,d
6288_0,d
4758_0,d
4657_1,d
5378_2,y
10318_6,y
637_3,d
1201_0,y
8173_1,d
9386_6,n
5331_0,y
5705_6,y
9033_3,y
9086_4,y
7915_5,d
5288_0,y
4699_3,y
4809_3,n
539_3,y
252_2,d
5546_4,y
1570_1,d
3277_3,y
8685_0,y
814_0,y
7531_0,y
5596_2,y
5392_4,y
3705_6,y
10350_2,d
9802_1,y
1451_0,y
8243_2,y
7316_0,d
3486_5,d
4151_6,d
2183_3,y
3277_0,y
7475_5,y
4369_1,y
8941_5,d
7046_3,d
1942_4,y
6797_6,y
6809_4,y
3254_6,d
9974_1,d
6757_1,n
8542_0,d
66_4,y
8890_1,d
4192_3,y
8728_1,y
9550_0,y
531_5,d
1950_5,y
3744_6,d
8397_2,d
453_3,d
9409_0,n
5158_4,y
8186_5,y
2227_4,y
7915_0,d
5694_0,n
5774_2,d
2710_0,y
4307_4,y
9856_1,y
4106_0,y
2580_1,y
7406_1,d
9312_6,n
3270_0,y
10136_4,y
8987_0,y
5367_2,d
8744_0,y
8243_1,y
10093_2,d
8531_4,y
6610_4,y
9765_4,d
1453_1,d
4635_5,y
9711_1,y
9920_0,d
3702_4,y
8951_2,y
5676_0,y
9784_4,y
1861_2,d
10192_0,y
1949_6,y
772_6,d
1371_6,d
502_0,d
4988_1,y
4297_1,y
8121_3,d
3070_5,y
7671_6,d
5086_4,d
7550_3,y
7978_5,y
5119_2,y
9912_0,d
5441_4,d
366_1,y
8735_1,y
2445_2,y
8613_6,y
4051_2,d
7743_2,d
3535_5,d
8472_6,y
4657_0,d
5361_1,d
5744_3,y
756_3,y
6866_4,y
10119_1,y
5471_0,d
141_4,y
2947_3,d
2932_0,d
5412_0,n
6387_0,d
3295_1,y
6534_2,n
9998_1,d
6858_0,y
729_6,y
4794_5,d
8005_2,d
5711_0,d
6387_6,d
485_3,y
9025_2,d
231_3,y
4225_0,y
8629_3,d
7002_1,n
10195_1,y
4603_3,y
9358_5,y
6376_6,n
8028_5,d
5765_2,y
1684_6,d
268_5,y
2561_6,y
9407_1,n
7634_2,y
2892_6,d
9170_0,y
7264_4,y
6387_5,d
9253_0,y
3902_0,n
1484_6,y
8254_5,y
1193_0,y
2613_4,y
5317_2,d
10041_1,d
7089_5,d
9711_2,y
7146_6,n
1304_0,d
198_6,d
2436_1,y
5093_6,n
2632_4,y
798_0,d
5676_6,y
1070_2,d
9927_2,n
5449_3,y
7588_1,y
141_2,y
10113_6,d
4365_4,d
706_0,n
602_3,d
5331_6,y
5842_4,d
8415_6,d
2836_4,y
1022_2,n
6809_0,y
7993_5,y
8598_4,d
8742_3,d
7437_4,y
8306_2,y
8273_6,d
8453_4,d
10120_1,d
8613_5,d
9883_6,d
2467_1,y
8918_0,d
3116_0,y
8476_6,d
10142_0,n
5793_2,y
2510_0,n
1116_5,y
5337_2,y
8_5,y
2024_0,d
10380_1,d
5093_3,n
10314_1,d
4915_1,d
1297_1,d
3116_1,n
5439_4,d
2600_0,y
8856_4,d
3650_0,y
9151_3,d
8428_3,d
1464_2,y
5744_1,y
1269_4,y
6547_4,y
5370_4,d
8295_1,y
2148_4,y
653_0,d
9697_0,y
4126_6,d
1022_0,n
1884_6,d
6943_1,y
8122_5,y
1022_1,n
4026_3,y
8136_3,d
5625_3,y
8605_2,y
2360_0,y
282_2,y
9878_6,d
8230_3,n
1347_3,d
6508_0,n
8762_0,d
2354_2,d
10030_5,d
3866_0,d
9463_4,d
7054_2,d
6445_5,d
5302_2,y
7511_0,d
8735_3,y
2354_0,d
7110_0,d
570_5,y
10138_3,n
2258_6,y
6216_1,y
1404_1,d
5279_2,d
2533_6,d
5162_1,d
10108_a-albumset-push.0,d
10124_4,d
963_0,d
4903_1,y
10091_2,n
9892_0,y
1130_0,n
8987_3,y
4052_3,d
9808_0,n
9966_4,y
1477_1,y
849_1,n
9487_2,y
3360_1,y
5136_1,y
1802_0,n
5946_4,y
410_1,d
1559_3,y
7374_6,d
6508_2,n
4548_0,y
6052_2,d
3248_6,y
110_1,y
4977_3,y
8_3,y
1297_4,d
8707_2,y
756_4,y
10027_6,d
7699_5,d
2914_2,y
7715_0,y
4245_1,y
10401_0,n
3253_5,d
1049_4,d
4054_2,y
4825_0,y
952_4,n
7061_6,d
1346_1,d
4903_3,y
7663_1,d
4369_4,d
6907_2,y
3163_4,d
1537_6,d
3531_1,y
8290_5,n
1667_6,y
4196_0,y
8330_0,d
4602_2,y
8918_3,n
2932_2,d
5302_4,y
3867_4,y
4441_4,d
4793_0,n
8342_1,d
3789_5,y
729_5,y
4607_6,y
8521_5,n
719_5,d
1319_5,n
6752_0,y
3587_4,y
8598_0,d
7146_2,d
6756_4,n
3855_0,y
7374_3,n
702_1,y
5119_1,y
4825_1,y
10349_4,y
5946_5,y
10293_3,y
1720_4,d
5119_0,y
7586_0,y
7919_0,d
8830_6,y
5317_5,d
2578_0,y
7587_4,y
5676_1,y
6558_4,y
8222_3,y
7089_2,d
9435_3,y
4274_2,d
10113_1,d
7670_6,y
4365_3,d
141_5,y
4271_6,y
2892_5,d
7374_1,d
5136_4,d
7588_6,y
5606_2,d
1684_1,d
6376_1,n
268_2,y
5869_0,d
7978_1,y
9358_2,y
8230_6,n
5791_3,y
8254_2,y
8295_6,y
1484_1,y
2613_3,y
5081_3,y
826_0,y
6640_0,y
7634_5,y
9407_6,d
7264_3,y
8000_0,y
4126_4,y
5793_5,y
8476_1,d
3859_1,y
7439_1,y
6186_2,y
9253_5,y
9711_4,n
1330_0,d
5409_0,y
3270_3,y
1116_2,y
282_0,y
10136_5,y
7413_0,y
8_2,y
5337_5,y
9140_0,y
7437_3,y
8742_4,d
5842_3,d
8415_1,d
7146_3,n
1455_0,n
4500_0,n
6408_2,y
8273_1,d
8453_3,d
2886_2,y
2467_6,y
9883_1,d
6232_0,d
7466_0,d
8306_5,y
2148_3,y
5370_3,d
6547_3,y
4502_1,y
1464_6,y
4635_1,y
5439_3,d
4915_6,d
4794_0,d
10314_6,y
9151_4,d
1464_5,y
5744_6,y
254_1,y
2587_0,y
4395_2,y
2354_5,d
10030_2,d
8230_4,n
539_5,y
282_5,y
9878_1,d
8238_0,d
4903_4,y
1347_4,d
8735_4,y
6436_0,d
9463_3,y
16_0,d
9856_0,y
7054_5,d
6943_6,y
1440_0,y
8122_2,y
602_4,d
3183_1,d
5289_2,y
5625_4,y
8605_5,y
8136_4,y
2892_2,y
5538_0,n
5136_6,y
3247_4,y
9487_5,y
849_6,n
3360_6,y
4052_4,d
8290_2,y
4626_0,y
8005_4,d
410_6,d
3983_6,n
1559_4,d
3025_1,y
6726_6,d
3178_0,d
2971_1,n
2533_1,d
9784_6,y
5279_5,d
5162_6,y
10136_2,y
10138_4,d
9483_0,y
9140_6,y
1404_6,y
3334_5,y
3820_0,n
8598_3,y
1501_1,y
398_3,y
5269_0,y
2436_0,y
7193_3,y
8238_2,y
10091_5,d
10124_3,d
6408_3,y
4635_4,d
8707_5,y
9080_0,y
7699_2,d
7582_1,y
4395_3,y
4977_4,d
9025_0,n
3882_0,y
952_3,n
4225_1,y
3253_2,d
1049_3,d
8252_2,d
7598_4,y
1920_0,d
10332_6,y
6047_0,y
7413_3,y
6052_5,d
7736_2,d
8363_5,y
254_3,y
6508_5,d
2246_6,y
790_1,y
3114_0,y
1414_3,d
1470_3,y
5049_0,y
4809_2,d
3248_1,y
8145_1,y
110_6,y
52_1,d
1667_1,y
5104_0,d
8342_6,y
3789_2,y
